,time_on_site,clicks,sentiment,recency,frequency,monetary,satisfaction
count,4000.0,4000.0,4000.0,4000.0,4000.0,4000.0,4000.0
mean,7.940208283003901,15.00875,0.005078977256019826,14.9316649288961,5.0355,199.98417373391857,2.995009695263674
std,3.9421391872133205,3.9243500822928756,0.5798353149197091,8.7076334846791,2.2112128155220083,19.77230016391541,1.152842872771454
min,0.7407559843424608,4.0,-0.9980063947948774,0.010348322735783677,0.0,135.3292624375257,1.0003634011253921
25%,5.042597753104728,12.0,-0.49622103749644253,7.299973492449683,3.0,186.5494960971576,1.9986781417536736
50%,7.224325124386447,15.0,0.009246774560353943,15.070004231267554,5.0,199.42667922761345,2.9665538208958733
75%,10.11667061465188,18.0,0.5030339611305684,22.45024200978102,6.0,213.22177784431767,4.001328291758825
max,33.65311140663378,32.0,0.9997105524963827,29.989527588265396,14.0,276.2033815323968,4.999292275423714
